date,ETF_A,ETF_B,ETF_C,ETF_D
2023-01-02,0.0,0.9926648104524686,-0.2535411020268312,-0.9228146823277324
2023-01-03,0.05878961167637315,0.9833749042643717,-0.30993680717348776,-0.8989922239195146
2023-01-04,0.11737585774164014,0.9706867570087738,-0.36525345740536563,-0.8720495850134194
2023-01-05,0.1755560760690452,0.9546442596512191,-0.4192997008142277,-0.8420799658546891
2023-01-06,0.2331290090670333,0.9353029065585824,-0.47188858009579204,-0.8091870376488494
2023-01-09,0.28989549987151825,0.9127296035324012,-0.522838179274301,-0.773484583941239
2023-01-10,0.3456591812712935,0.8870024363676607,-0.5719722529880815,-0.7350961070158365
2023-01-11,0.40022715498344774,0.8582104007376317,-0.6191208361592561,-0.6941544006749262
2023-01-12,0.45341065892902926,0.8264530943391514,-0.6641208319386372,-0.6508010908774557
2023-01-13,0.5050257202007122,0.7918403723632752,-0.7068165758919733,-0.6051861458251022
2023-01-16,0.5548937914637126,0.7544919674831062,-0.7470603744759141,-0.5574673571907757
2023-01-17,0.6028423685885099,0.7145370756733358,-0.7847130159409867,-0.5078097942840888
2023-01-18,0.6487055873788524,0.672113909294242,-0.8196442518942706,-0.456385233041958
2023-01-19,0.692324797330839,0.6273692189861111,-0.8517332478559353,-0.40337156181956385
2023-01-20,0.7335491104383255,0.5804577860279625,-0.8808690012510799,-0.3489521660371823
2023-01-23,0.7722359231462198,0.5315418869166013,-0.9069507253909456,-0.2933152938115076
2023-01-24,0.8082514096461221,0.48079073201814343,-0.9298881981152365,-0.23665340476589275
2023-01-25,0.8414709848078965,0.4283798802338298,-0.9496020738895161,-0.17916250427209587
2023-01-26,0.8717797351457959,0.3744906317049236,-0.9660241582780698,-0.12104146542654644
2023-01-27,0.8990728163283376,0.31930940065745245,-0.9790976438427795,-0.06249134110654554
2023-01-30,0.9232558158568609,0.2630270705562588,-0.9887773066519787,-0.0037146684861465336
2023-01-31,0.9442450796581842,0.20583833379901567,-0.9950296627195283,0.05508523158245413
2023-02-01,0.961968001461609,0.14794101823434147,-0.9978330838329553,0.11370495789844216
2023-02-02,0.9763632739592563,0.08953540283373214,-0.9971778723699818,0.17194173251984543
2023-02-03,0.9873811008809169,0.03082352488454617,-0.9930662948446356,0.2295941022150108
2023-02-06,0.9949833692498065,-0.0279915188993943,-0.9855125740669033,0.28646263533163785
2023-02-07,0.9991437812233548,-0.08670627493198249,-0.9745428399430437,0.34235061167273595
2023-02-08,0.9998479450629649,-0.1451176365435023,-0.9601950390867552,0.397064702993093
2023-02-09,0.9970934249180593,-0.20302354656924476,-0.9425188035538717,0.45041564176226956
2023-02-10,0.9908897492521981,-0.26022369630766845,-0.9215752791546596,0.5022188758807287
2023-02-13,0.981258377882123,-0.3165202184302566,-0.8974369139376214,0.5522952070842965
2023-02-14,0.9682326277437452,-0.3717183714461542,-0.8701872075764825,0.6004714108285892
2023-02-15,0.9518575576418683,-0.42562721335387693,-0.8399204225272899,0.6465808355090835
2023-02-16,0.9321898123823213,-0.4780602621497857,-0.8067412579547804,0.6904639789440059
2023-02-17,0.9092974268256817,-0.5288361409084934,-0.7707644875559871,0.7319690401258759
2023-02-20,0.8832595905404063,-0.577779205203735,-0.7321145625339242,0.7709524443330622
2023-02-21,0.8541663738694864,-0.6247201506993197,-0.6909251810947397,0.8072793397848926
2023-02-22,0.82211841635822,-0.6694965988083781,-0.6473388259575504,0.8408240641222784
2023-02-23,0.787226578620891,-0.7119536583949905,-0.6015062714767978,0.8714705791002014
2023-02-24,0.7496115588506285,-0.751944461575147,-0.5535860620820972,0.8991128719883662
2023-02-27,0.7094034752990112,-0.7893306717636005,-0.5037439638397644,0.9236553222914978
2023-02-28,0.6667414161697157,-0.8239829622091592,-0.4521523910331896,0.9450130325207088
2023-03-01,0.621772958483213,-0.8557814633630761,-0.3989898097456223,0.9631121218717428
2023-03-02,0.5746536575768693,-0.8846161775329855,-0.34444012050852274,0.977889981794188
2023-03-03,0.5255465090063693,-0.9103873593880203,-0.28869202215100326,0.9892954925675992
2023-03-06,0.47462138470986676,-0.9330058609988535,-0.23193835905095997,0.9972892001353452
2023-03-07,0.4220544453852783,-0.9523934402191059,-0.17437545404587637,1.0018434525844746
2023-03-08,0.3680275311134439,-0.9684830313413572,-0.11620242931090546,1.0029424957994892
2023-03-09,0.3127275323351016,-0.9812189770915124,-0.05762051755345473,1.000582527959137
2023-03-10,0.25634574335761456,-0.9905572211589984,0.0011676340929991215,0.9947717126877111
2023-03-13,0.19907720062779133,-0.9964654605967929,0.05995866506790177,0.985530150815358
2023-03-14,0.1411200080598672,-0.9989232575641008,0.11854920485049364,0.9728898108450863
2023-03-15,0.08267465175246505,-0.9979221100251381,0.17673657646115007,0.956894418367002
2023-03-16,0.02394330646508441,-0.9934654811594571,0.23431949756360726,0.9375993048023106
2023-03-17,-0.034870863746841604,-0.9855687873820825,0.2910987767428284,0.9150712160003138
2023-03-20,-0.09356440831907659,-0.9742593450148944,0.3468780025499335,0.8893880813505004
2023-03-21,-0.15193429395679833,-0.9595762757937353,0.4014642229306424,0.8606387442084282
2023-03-22,-0.209778606969401,-0.9415703715381105,0.45466861268694625,0.8289226545678978
2023-03-23,-0.26689725173234413,-0.9203039184516207,0.5063071266631128,0.7943495250425449
2023-03-24,-0.3230926428599364,-0.8958504816609039,0.5562011363965305,0.7570389513468722
2023-03-27,-0.37817038869466907,-0.8682946507384173,0.6041780480310616,0.7171199985895611
2023-03-28,-0.4319399637487801,-0.8377317470893423,0.6500718993554364,0.67473075481016
2023-03-29,-0.4842153677719185,-0.8042674942148308,0.6937239339013868,0.630017853303561
2023-03-30,-0.5348157691650687,-0.7680176519922138,0.7349831501156056,0.5831359653846432
2023-03-31,-0.5835661305150185,-0.7291076162372819,0.7737068237058253,0.5342472653477176
2023-04-03,-0.6302978140855279,-0.6876719849338251,0.8097610013541156,0.48352086947158945
2023-04-04,-0.6748491651706653,-0.6438540926309467,0.8430209640895328,0.43113225101084546
2023-04-05,-0.7170660712923814,-0.5978055146187604,0.8733716587172329,0.37726263319701214
2023-04-06,-0.7568024953079283,-0.5496855425976376,0.9007080958116269,0.32209836234935213
2023-04-07,-0.7939209805830016,-0.4996606336547643,0.924935712896852,0.265830263263816
2023-04-10,-0.8282931264831008,-0.4479038344541277,0.945970701558229,0.2086529791100049
2023-04-11,-0.8598000325382846,-0.39459418263176843,0.9637402973531678,0.15076429811957515
2023-04-12,-0.8883327097448614,-0.33991608746700763,0.9781830315186523,0.09236446939522126
2023-04-13,-0.9137924575812403,-0.28405869197202344,0.9892489436045985,0.033655510206972154
2023-04-14,-0.9360912054337581,-0.22721521860646013,0.9968997542975421,-0.0251594928279574
2023-04-17,-0.9551518172514256,-0.16958230088036644,1.0011089978368213,-0.08387708626442045
2023-04-18,-0.9709083583757229,-0.11135930315760013,1.0018621135652,-0.14229415361752468
2023-04-19,-0.98330632362243,-0.052747631012626486,0.9991564962972387,-0.2002086179852029
2023-04-20,-0.9923028258265024,0.006049965473650205,0.9930015053311778,-0.25742014107464833
2023-04-21,-0.9978667441977804,0.0648300930689906,0.9834184320731599,-0.31373081621453525
2023-04-24,-0.999978831974337,0.12338941896971446,0.9704404263857852,-0.3689458529557507
2023-04-25,-0.9986317830010684,0.18152537417156864,0.9541123819157763,-0.4228742508924586
2023-04-26,-0.9938302570032191,0.23903685419844348,0.9344907807974274,-0.47532946037260915
2023-04-27,-0.9855908634674135,0.2957249147649843,0.9116434982690413,-0.5261300278123571
2023-04-28,-0.9739421041859545,0.3513934599666443,0.8856495678782315,-0.5751002233821031
2023-05-01,-0.9589242746631385,0.4058499206165983,0.8565989080882804,-0.6220706488928821
2023-05-02,-0.9405893247246457,0.4589059203829918,0.8245920112312989,-0.666878823780262
2023-05-03,-0.919000678812185,0.5103779274222273,0.7897395958841461,-0.7093697471587346
2023-05-04,-0.8942330165850315,0.5600878892541494,0.7521622238696255,-0.7493964340023257
2023-05-05,-0.8663720145874064,0.6078638486829572,0.711989883207824,-0.7868204235966587
2023-05-08,-0.8355140498753185,0.6535405386332551,0.6693615384602568,-0.8215122585036455
2023-05-09,-0.8017658666280915,0.6969599538435666,0.6244246500222699,-0.8533519323819432
2023-05-10,-0.7652442068978339,0.7379718974397108,0.577334664026568,-0.8822293051140881
2023-05-11,-0.7260754067741702,0.7764345004973265,0.5282544746224083,-0.9080444838042887
2023-05-12,-0.6843949593611753,0.8122147127962732,0.47735386049052475,-0.9307081683289271
2023-05-15,-0.6403470460782809,0.8451887630692777,0.4248088975430294,-0.9501419602444374
2023-05-16,-0.594084037906469,0.8752425871527374,0.3708013498398583,-0.9662786339839837
2023-05-17,-0.545765968305058,0.902272222558611,0.31551804082872287,-0.9790623694048114
2023-05-18,-0.4955599796223595,0.9261841681024964,0.25915020708357633,-0.9884489448818417
2023-05-19,-0.44363974491520286,0.9468957073438594,0.20189283677714903,-0.9944058902795584
2023-05-22,-0.39018486717736317,0.96433519471957,0.14394399517591527,-0.9969125992730243
2023-05-23,-0.3353802580550969,0.9784423033809476,0.08550413949075453,-0.9959604006294861
2023-05-24,-0.27941549819892586,0.9891682338770004,0.026775425453357767,-0.9915525882039892
2023-05-25,-0.22248418146436347,0.9964758829619709,-0.032038991982888995,-0.9837044095452415
2023-05-26,-0.16478324523011761,1.0003399719432544,-0.09073566139854762,-0.9724430131511408
2023-05-29,-0.1065122891503452,1.0007471341257046,-0.14911153868930727,-0.9578073545564195
2023-05-30,-0.047872884697541106,0.9976959610498388,-0.20696468943817525,-0.9398480615772724
2023-05-31,0.010932122115515404,0.9911970073639947,-0.2640949874490266,-0.9186272591791068
2023-06-01,0.0696993124227078,0.9812727543135863,-0.3203048070251376,-0.894218354573245
2023-06-02,0.12822539817315468,0.9679575319737546,-0.37539970659796906,-0.8667057832859653
2023-06-05,0.18630792534725965,0.9512974004944297,-0.4291891013413729,-0.8361847170782879
2023-06-06,0.24374597428768047,0.931349990768601,-0.4814869224445336,-0.80276073472687
2023-06-07,0.3003408547226083,0.908184305074957,-0.5321122607630482,-0.7665494568048483
2023-06-08,0.35589679307713945,0.8818804783845137,-0.5808899926216441,-0.7276761457259988
2023-06-09,0.41022160969517524,0.8525295011569269,-0.6276513856037441,-0.6862752724357462
2023-06-12,0.4631273836292101,0.8202329045853821,-0.6722346822323245,-0.6424900512479278
2023-06-13,0.5144311026983442,0.7851024093788811,-0.7144856595229928,-0.5964719444364112
2023-06-14,0.5639552965658472,0.7472595392968503,-0.7542581624736752,-0.5483801382952833
2023-06-15,0.6115286506463133,0.7068352007729399,-0.7914146096454525,-0.49838099248004086
2023-06-16,0.6569865987187891,0.6639692300821833,-0.8258264690856537,-0.44664746453460147
2023-06-19,0.7001718921958833,0.6188099096179593,-0.8573747029468629,-0.3933585115948486
2023-06-20,0.7409351440796497,0.5715134549520582,-0.8859501792638307,-0.3386984713383205
2023-06-21,0.7791353457225804,0.5222434744522156,-0.9114540494638561,-0.2828564243214758
2023-06-22,0.8146403546061244,0.4711704033264218,-0.9337980903047556,-0.2260255399103534
2023-06-23,0.8473273514494086,0.41847091405174025,-0.9529050090575824,-0.16840240806716464
2023-06-26,0.8770832650669173,0.36432730522711965,-0.9687087108784052,-0.11018635930434166
2023-06-27,0.9038051635054656,0.3089268709642598,-0.9811545274442521,-0.051578775158439075
2023-06-28,0.9274006101074374,0.2524612529979529,-0.9901994060623177,0.007217608430885961
2023-06-29,0.9477879832685954,0.19512577775708262,-0.9958120585982687,0.06599940242705847
2023-06-30,0.9648967587843473,0.13711878068949315,-0.9979730697084694,0.1245632682619696
2023-07-03,0.9786677538077783,0.07864092017802805,-0.9966749640017327,0.1827066212267797
2023-07-04,0.9890533315755443,0.019894483421057797,-0.9919222318982672,0.2402283312549637
2023-07-05,0.996017566193441,-0.03891731332142505,-0.983731314096371,0.2969294186734435
2023-07-06,0.9995363669116133,-0.09759102769551235,-0.9721305447006048,0.35261374251505784
2023-07-07,0.9995975614595188,-0.15592369500320202,-0.9571600532081731,0.40708867901135365
2023-07-10,0.9962009381523671,-0.21371353029990584,-0.9388716256925704,0.46016578791864116
2023-07-11,0.9893582466233818,-0.27076062641094245,-0.9173285256646757,0.5116614643723737
2023-07-12,0.9790931571793521,-0.3268676454524299,-0.8926052752309863,0.5613975740149205
2023-07-13,0.9654411789200716,-0.3818405014644622,-0.864787397306004,0.6092020691997148
2023-07-14,0.9484495369049063,-0.4354890317951972,-0.8339711197705152,0.6549095841401887
2023-07-17,0.9281770087913974,-0.4876276549133993,-0.8002630425991469,0.6983620069447518
2023-07-18,0.9046937215110024,-0.5380760123739243,-0.7637797691086694,0.7394090265590251
2023-07-19,0.8780809086853162,-0.586659592715446,-0.7246475026026445,0.7779086527233338
2023-07-20,0.8484306296219135,-0.6332103351322531,-0.6830016098076923,0.8137277071468385
2023-07-21,0.8158454508618763,-0.6775672108318584,-0.638986152611565,0.8467422841992011
2023-07-24,0.7804380913805914,-0.7195767800674056,-0.5927533897228262,0.8768381795261792
2023-07-25,0.7423310326691458,-0.7590937229179715,-0.544463249976008,0.9039112851064671
2023-07-26,0.7016560950451322,-0.7959813419806872,-0.4942827791041912,0.9278679493832017
2023-07-27,0.6585539816584902,-0.8301120352357562,-0.44238556189273914,0.9486253012243617
2023-07-28,0.6131737917697665,-0.8613677374486362,-0.38895112171307544,0.9661115365914151
2023-07-31,0.5656725049844702,-0.889640328582471,-0.33416429951365295,0.9802661669245631
2023-08-01,0.5162144382276479,-0.9148320078080078,-0.2782146144162919,0.9910402283853732
2023-08-02,0.4649706773371427,-0.9368556318171956,-0.2212956081297496,0.9983964512329743
2023-08-03,0.4121184852417566,-0.9556350162701879,-0.1636041754483094,1.0023093887479175
2023-08-04,0.35784068877155845,-0.9711051993329706,-0.10533988315134442,1.002765505257722
2023-08-07,0.3023250462214903,-0.9832126663939859,-0.0467042796599238,0.9997632229596075
2023-08-08,0.2457635978560005,-0.9919155351824108,0.012099802161495832,0.9933129273784455
2023-08-09,0.1883520016014454,-0.997183700647726,0.07086894664653824,0.9834369314410488
2023-08-10,0.1302888562242374,-0.9989989390994065,0.12939985898441142,0.9701693982910714
2023-08-11,0.07177501433601782,-0.9973549712464943,0.1874900684593378,0.9535562231115232
2023-08-14,0.013012887602289356,-0.9922574839189839,0.2449386288392844,0.9336548743636925
2023-08-15,-0.04579425344202962,-0.9837241103958834,0.30154681349116597,0.9105341949916732
2023-08-16,-0.1044429825480685,-0.9717843694079997,0.35711880281799796,0.8842741642801657
2023-08-17,-0.16273042144711364,-0.9564795630264509,0.41146236163999994,0.8549656211893368
2023-08-18,-0.2204549416491391,-0.9378626337901291,0.46438950417644653,0.8227099501237839
2023-08-21,-0.27741686191809056,-0.9159979815663429,0.5157171443279553,0.78761873022259
2023-08-22,-0.3334191390112103,-0.8909612407781521,0.56526772900975,0.7498133493836524
2023-08-23,-0.3882680492929813,-0.8628390187690211,0.6128698523450551,0.7094245843574601
2023-08-24,-0.44177385886586984,-0.8317285962098274,0.6583588485940247,0.6665921483628474
2023-08-25,-0.4937514798997092,-0.7977375905845978,0.701577361767106,0.6214642077896375
2023-08-28,-0.5440211108893698,-0.7609835839190333,0.7423758899524486,0.5741968696599886
2023-08-29,-0.5924088586259194,-0.7215937160395932,0.7806133024744102,0.5249536416214255
2023-08-30,-0.6387473397297454,-0.6797042447701392,0.8161573280941968,0.47390486633955436
2023-08-31,-0.6828762596648118,-0.635460074587512,0.8488850125638516,0.4212271322470147
2023-09-01,-0.7246429672311164,-0.5890142553665192,0.8786831439508159,0.36710266268701186
2023-09-04,-0.7639029826172464,-0.5405274529482812,0.9054486442617761,0.31171868556450916
2023-09-05,-0.8005204971863777,-0.49016739336335635,0.9290889260110831,0.2552667856855979
2023-09-06,-0.8343688432668738,-0.4381082826321743,0.9495222125003113,0.1979422420254154
2023-09-07,-0.8653309323223536,-0.3845302041498383,0.966677820701026,0.1399433522171729
2023-09-08,-0.8932996599855259,-0.3296184957398475,0.9804964057622213,0.08147074659900334
2023-09-11,-0.9181782765546852,-0.27356310853164895,0.9909301662966201,0.022726694191494343
2023-09-12,-0.9398807216712441,-0.2165579498797961,0.9979430097357109,-0.0360855969933252
2023-09-13,-0.9583319220205855,-0.1588002125976937,1.0015106771815196,-0.0947626828911673
2023-09-14,-0.97346805102642,-0.10048969282624903,1.001620827323232,-0.15310158714122302
2023-09-15,-0.9852367496403148,-0.041828098897075616,0.9982730791283795,-0.21090050322400736
2023-09-18,-0.9935973074626391,0.01698164641899018,0.9914790131609095,-0.26795949255249496
2023-09-19,-0.9985208035683814,0.07573610786435495,0.9812621315215838,-0.32408117610166576
2023-09-20,-0.9999902065507035,0.13423204141994222,0.9676577765492774,-0.3790714171840091
2023-09-21,-0.9980004334361525,0.19226709736893055,0.9507130085644068,-0.43273999300906285
2023-09-22,-0.9925583672677332,0.24964052026691222,0.9304864430774,-0.48490125270403034
2023-09-25,-0.9836828332950172,0.30615384339712903,0.9070480480253392,-0.5353747595190811
2023-09-26,-0.9714045338536514,0.3616115753085185,0.880478901738174,-0.5839859149960063
2023-09-27,-0.9557659421595327,0.4158218760616928,0.8508709124717532,-0.6305665629409004
2023-09-28,-0.9368211553850369,0.4685972208435642,0.8183265004778729,-0.6749555711117784
2023-09-29,-0.9146357075255381,0.5197550486550588,0.782958243711115,-0.7169993886088186
2023-10-02,-0.8892863427035599,0.5691183938279388,0.7448884883980665,-0.7565525770391706
2023-10-03,-0.8608607496947411,0.6165164981862091,0.704248925816032,-0.7934783136188936
2023-10-04,-0.8294572585939481,0.6617854017345024,0.6611801367452536,-0.8276488644716968
2023-10-05,-0.7951845006708298,0.7047685098301312,0.6158311051704729,-0.8589460264872367
2023-10-06,-0.7581610325914466,0.7453171348768372,0.5683587029140463,-0.8872615362104967
2023-10-09,-0.7185149263058669,0.783291010666409,0.5189271469833697,-0.9124974443478113
2023-10-10,-0.6763833260204051,0.8185587775889437,0.46770743150977506,-0.9345664545940328
2023-10-11,-0.6319119737870079,0.8509984370333268,0.41487673624391674,-0.953392225608796
2023-10-12,-0.5852547053508993,0.8804977734060397,0.36061781365381657,-0.968909635097225
2023-10-13,-0.5365729180004349,0.9069547423084618,0.30511835674570226,-0.9810650050816434
2023-10-16,-0.4860350122599928,0.9302778235298715,0.2485703497944881,-0.9898162875849545
2023-10-17,-0.4338158093571989,0.9503863376350724,0.19116940422985615,-0.9951332100834358
2023-10-18,-0.3800959464795935,0.9672107250515,0.1331140819752476,-0.9969973802257457
2023-10-19,-0.3250612519126701,0.9806927866903888,0.07460520858047674,-0.9954023494559343
2023-10-20,-0.2689021022208148,0.9907858852696417,0.01584517852398399,-0.9903536353203499
2023-10-23,-0.21181276369480279,0.9974551066419793,-0.04296274491215548,-0.9818687023812889
2023-10-24,-0.15399072034389755,1.0006773805703089,-0.10161513277261525,-0.9699769018034065
2023-10-25,-0.09563599075720276,1.0004415605325168,-0.15990909413228188,-0.9547193698218763
2023-10-26,-0.03695043619736231,0.9967484622796303,-0.21764297793856863,-0.9361488854435145
2023-10-27,0.02186293767993311,0.9896108610139623,-0.2746170705647479,-0.9143296878731136
2023-10-30,0.08060068306513488,0.9790534471970049,-0.33063428666132066,-0.8893372542965441
2023-10-31,0.13905961376352857,0.9651127411399383,-0.38550085091562375,-0.8612580387893203
2023-11-01,0.1970375080589472,0.9478369666722056,-0.43902696836132366,-0.830189173253798
2023-11-02,0.2543338082411417,0.9272858843251633,-0.4910274809190575,-0.7962381314195393
2023-11-03,0.3107503143770234,0.9035305846078523,-0.5413225078971081,-0.7595223570690925
2023-11-06,0.3660918699258422,0.876653242090001,-0.5897380682364866,-0.7201688577753201
2023-11-07,0.4201670368266409,0.8467468311429343,-0.6361066823479475,-0.6783137655554999
2023-11-08,0.4727887577227052,0.8139148043217012,-0.680267951459054,-0.6341018659621313
2023-11-09,0.5237750030322375,0.7782707345009635,-0.7220691124672117,-0.5876860972392671
2023-11-10,0.5729494006269024,0.7399379220025761,-0.7613655663793168,-0.5392270212770575
2023-11-13,0.6201418459400516,0.6990489680738828,-0.7980213785100353,-0.4888922681944128
2023-11-14,0.6651890903941399,0.655745316192158,-0.8319097487084239,-0.436855956471268
2023-11-15,0.7079353061118262,0.6101767627819248,-0.8629134499862701,-0.38329809063616754
2023-11-16,0.7482326249573307,0.5625009390376606,-0.89092523403087,-0.32840393859281947
2023-11-17,0.7859416500433584,0.5128827656444027,-0.9158482021994537,-0.27236339073951227
2023-11-20,0.8209319379342043,0.4614938822824681,-0.9375961407119392,-0.21537030309835492
2023-11-21,0.8530824498769867,0.4085120538897593,-0.9560938188824999,-0.15762182672659159
2023-11-22,0.8822819705001088,0.35412055573551804,-0.9712772493583036,-0.09931772572969794
2023-11-23,0.9084294925305814,0.2985075394326859,-0.9830939094652018,-0.040659686235394954
2023-11-24,0.9314345661993896,0.24186538208196626,-0.9915029228946878,0.018149381281019304
2023-11-27,0.9512176121262333,0.1843900207990457,-0.9964752011036307,0.07690604390659211
2023-11-28,0.9677101966013181,0.12628027492695873,-0.9979935439376544,0.13540705000791667
2023-11-29,0.9808552683119225,0.06773715827823999,-0.9960526991300829,0.19345003232115654
2023-11-30,0.9906073556948704,0.008963183785937343,-0.9906593804706332,0.2508342079829598
2023-12-01,0.9969327242322145,-0.04983833703114616,-0.9818322445810076,0.30736107308048655
2023-12-04,0.9998094931460185,-0.10846399736568602,-0.9696018263777217,0.3628350893181794
2023-12-05,0.9992277110885613,-0.16671099874869308,-0.9540104334454161,0.41706436042573175
2023-12-06,0.9951893905661392,-0.22437785257200024,-0.9351119996860382,0.469861295967633
2023-12-07,0.9877085009773832,-0.28126507707966725,-0.9129718987501488,0.5210432602578255
2023-12-08,0.9768109202901769,-0.3371758874172555,-0.8876667178957438,0.5704332041349269
2023-12-11,0.962534345524331,-0.3919168763519629,-0.8592839930568394,0.617860277412439
2023-12-12,0.9449281623496769,-0.4452986833088557,-0.8279219060383008,0.6631604198854202
2023-12-13,0.9240532742506646,-0.49713664940885344,-0.793688944884363,0.706176928849183
2023-12-14,0.8999818918484221,-0.5472514562425667,-0.7567035285957052,0.7467610011668532
2023-12-15,0.8727972831090548,-0.5954697461703277,-0.7170935974932631,0.7847722480106648
2023-12-18,0.8425934853022657,-0.6416247220026663,-0.6749961706457943,0.8200791804963935
2023-12-19,0.809474979706694,-0.6855567239868119,-0.6305568718921493,0.8525596645310187
2023-12-20,0.7735563301872376,-0.7271137821033024,-0.5839294260978348,0.8821013433001866
2023-12-21,0.7349617868945825,-0.7661521417621917,-0.5352751273884271,0.9086020259340434
2023-12-22,0.693824856457847,-0.8025367610803608,-0.4847622811993223,0.9319700410068854
2023-12-25,0.6502878401571168,-0.8361417780197468,-0.43256562207189675,0.9521245536478946
2023-12-26,0.6045013416734383,-0.8668509457705609,-0.37886570921003804,0.9689958451659079
2023-12-27,0.5566237461190621,-0.8945580348734118,-0.32384830188794617,0.9825255542210278
2023-12-28,0.5068206721500836,-0.9191672006893112,-0.2677037168697992,0.9926668787087362
2023-12-29,0.45526439905673577,-0.9405933149464055,-0.21062617006410447,0.9993847376582131
2024-01-01,0.40213327081314787,-0.9587622602165434,-0.15281310469008696,1.002655892584772
2024-01-02,0.3476110791480982,-0.9736111863030186,-0.09446450828015024,1.0024690278766633
2024-01-03,0.2918864277708229,-0.9850887276526037,-0.035782220880988404,0.9988247899381492
2024-01-04,0.2351520799511902,-0.99315518103978,0.02303076315350259,0.9917357849534559
2024-01-05,0.17760429171107286,-0.9977826429085318,0.08177099736232227,0.9812265352793358
2024-01-08,0.11944213293355976,-0.9989551058966063,0.14023528694139273,0.9673333946170855
2024-01-09,0.06086679873843087,-0.9966685142083405,0.1982213916370517,0.9501044222574606
2024-01-10,0.002080913505991896,-0.9909307776445099,0.25552872533755533,0.9295992168334977
2024-01-11,-0.056712170043204786,-0.981761744240667,0.3119590499425564,0.905888710156326
2024-01-12,-0.11530907428811236,-0.9691931316086188,0.3673171611103188,0.8790549218471477
2024-01-15,-0.17350710023309554,-0.953268417218547,0.4214115635105231,0.8491906756141284
2024-01-16,-0.2311049286863109,-0.9340426880013107,0.4740551332468235,0.8163992781557244
2024-01-17,-0.2879033166650653,-0.9115824497911845,0.5250657651576964,0.7807941618010928
2024-01-18,-0.3437057866191287,-0.8859653972682138,0.5742670027564317,0.7424984921238784
2024-01-19,-0.398319306087836,-0.8572801451960025,0.6214886486311717,0.7016447418865982
2024-01-22,-0.4515549554399,-0.8256259218846392,0.6665673531934952,0.6583742327895776
2024-01-23,-0.5032285813860847,-0.7911122259391367,0.7093471797389445,0.612836646609475
2024-01-24,-0.5531614340041,-0.7538584474807652,0.7496801438648271,0.5651895074186287
2024-01-25,-0.6011807850721158,-0.7139934551515551,0.7874267253793388,0.5155976366761714
2024-01-26,-0.6471205255719501,-0.6716551503306034,0.8224563509312026,0.4642325830760399
2024-01-29,-0.6908217402950412,-0.626989990104249,0.8546478456903074,0.4112720291239746
2024-01-30,-0.732133257563525,-0.5801524806402555,0.8838898525168911,0.35689917649646613
2024-01-31,-0.7709121721648009,-0.5313046427185457,0.910081217169262,0.3013021123076708
2024-02-01,-0.8070243396906834,-0.48061545126728683,0.9331313382175718,0.24467315847656834
2024-02-02,-0.8403448405710675,-0.42826025084314506,0.952960480453177,0.18720820644510883
2024-02-05,-0.8707584121969532,-0.37442014907764287,0.9695000507094714,0.12910603954852806
2024-02-06,-0.898159847638013,-0.31928139018783414,0.9826928351400508,0.0705676453821071
2024-02-07,-0.9224543595754544,-0.2630347107184503,0.9924931971334218,0.011795520542821777
2024-02-08,-0.9435579081912585,-0.20587467974414272,0.9988672351796236,-0.04700702984884884
2024-02-09,-0.9613974918795568,-0.1479990258141988,1.001792900142669,-0.10563659542407976
2024-02-12,-0.9759113997745144,-0.08960795296797201,1.0012600715331363,-0.16389036420482012
2024-02-13,-0.9870494252211723,-0.03090344818707206,0.9972705925170658,-0.22156682417306714
2024-02-14,-0.9947730394508097,0.02791141732001663,0.9898382635400631,-0.27846646034319256
2024-02-15,-0.9990555248600446,0.08663319058388477,0.9789887945886588,-0.3343924449262267
2024-02-16,-0.9998820674326334,0.1450587406607394,0.9647597162540674,-0.38915131819845433
2024-02-19,-0.9972498079842651,0.20298596130499072,0.9472002499059915,-0.44255365771927463
2024-02-20,-0.9911678520530788,0.2602144700971928,0.9263711374255688,-0.4944147335831442
2024-02-21,-0.9816572384016958,0.31654630160890757,0.9023444310864507,-0.5445551474391604
2024-02-22,-0.9687508662397215,0.37178659220669275,0.8752032443108575,-0.5928014530675823
2024-02-23,-0.9524933814184745,0.4257442541263132,0.8450414641628058,-0.6389867563667428
2024-02-26,-0.9329410219916074,0.47823263648546094,0.8119634265730297,-0.682951292674807
2024-02-27,-0.9101614236758742,0.5290701709483352,0.7760835554190959,-0.7245429794292444
2024-02-28,-0.884233385884983,0.5780809998086446,0.7375259667091827,-0.763617942252389
2024-02-29,-0.8552465991458786,0.6250955843183384,0.6964240392387469,-0.8000410126430814
2024-03-01,-0.8233013348403767,0.6699512911577352,0.6529199532052643,-0.833686195552934
2024-03-04,-0.7885080983454,0.7124929550183242,0.607164198377072,-0.8644371052296242
2024-03-05,-0.7509872467716762,0.7525734153521483,0.5593150535176614,-0.8921873678196818
2024-03-06,-0.7108685726232195,0.7900540254310393,0.5095380388661999,-0.9168409893379543
2024-03-07,-0.6682908548178068,0.824805131954763,0.4580053435682691,-0.9383126877309848
2024-03-08,-0.6234013786215609,0.8567065235490088,0.4048952300374551,-0.9565281878855182
2024-03-11,-0.5763554261582886,0.8856478466017742,0.35039141730822887,-0.9714244785617342
2024-03-12,-0.5273157392560093,0.9115289869996809,0.2946824455132301,-0.9829500303623396
2024-03-13,-0.4764519564888003,0.9342604164437137,0.2379610236833595,-0.9910649739835873
2024-03-14,-0.4239400263613492,0.9537635021464058,0.18042336312677712,-0.9957412381315582
2024-03-15,-0.3699615986661316,0.9699707788391615,0.12226849869278804,-0.9969626466266698
2024-03-18,-0.3147033961186336,0.9828261821487869,0.0636976002685027,-0.9947249743604719
2024-03-19,-0.2583565684442856,0.992285242535926,0.004913276889971185,-0.9890359619111884
2024-03-20,-0.20111603115140517,0.9983152391245393,-0.05388112412503651,-0.9799152887674272
2024-03-21,-0.14317979127753983,1.0008953128902816,-0.11248222059808625,-0.9673945052527034
2024-03-22,-0.0847482624415446,1.0000165388162472,-0.17068729903174357,-0.9515169233862363
2024-03-25,-0.026023571570792523,0.9956819567664786,-0.22829501583812586,-0.9323374670575927
2024-03-26,0.03279114029830858,0.9879065609704376,-0.28510609382865004,-0.9099224820334048
2024-03-27,0.09149242072781552,0.9767172481548171,-0.34092401155567087,-0.8843495064534515
2024-03-28,0.14987720966295234,0.9621527245021165,-0.3955556831214329,-0.8557070026099295
2024-03-29,0.20774354185947724,0.9442633717578286,-0.44881212610273374,-0.8240940509378352
2024-04-01,0.26489124552387,0.9231110729494032,-0.5005091152808078,-0.7896200072749073
2024-04-02,0.3211226347495966,0.8987689983198615,-0.55046781991504,-0.7524041245768536
2024-04-03,0.3762431933541692,0.8713213522165612,-0.598515422356048,-0.7125751403963027
2024-04-04,0.43006224775146434,0.8408630818106786,-0.6444857158582187,-0.6702708315526146
2024-04-05,0.4823936265316944,0.807499548655007,-0.6882196795237399,-0.6256375375328944
2024-04-08,0.5330563044674049,0.7713461642162219,-0.7295660283892765,-0.5788296542730194
2024-04-09,0.5818750287177474,0.7325279906423849,-0.7683817367524252,-0.5300091000696344
2024-04-10,0.6286809250648568,0.6911793081467107,-0.804532532927652,-0.4793447554708049
2024-04-11,0.6733120820852196,0.6474431505041247,-0.8378933637202381,-0.42701187908272337
2024-04-12,0.7156141112353017,0.6014708102673866,-0.8683488270115517,-0.3731915013133716
2024-04-15,0.7554406809139267,0.5534213154143931,-0.895793570959198,-0.3180697981503721
2024-04-16,0.7926540226540134,0.503460879237008,-0.9201326584311667,-0.2618374471391029
2024-04-17,0.827125407692631,0.45176232537438493,-0.9412818954133052,-0.20468896778908363
2024-04-18,0.8587355922708203,0.3985044899797113,-0.9591681222540924,-0.1468220486900939
2024-04-19,0.8873752301227934,0.3438716030884029,-0.9737294667392352,-0.08843686366588682
2024-04-22,0.9129452507276277,0.28805265132772845,-0.9849155581206487,-0.02973537933084532
2024-04-23,0.9353572020149993,0.23124072417238287,-0.9926877013594511,0.029079343554888434
2024-04-24,0.9545335563394678,0.17363234600745087,-0.9970190109802276,0.08780385251527657
2024-04-25,0.9704079786648798,0.11542679630929362,-0.9978945040735355,0.14623500714316326
2024-04-26,0.9829255560311885,0.05682542029599654,-0.995311152124934,0.20417068180565395
2024-04-29,0.992042987509912,-0.0019690675680174535,-0.9892778914912511,0.26141046483906455
2024-04-30,0.9977287339911377,-0.06075328480388528,-0.9798155924878496,0.3177563518150031
2024-05-01,0.9999631272839253,-0.1193238844610032,-0.9669569871938233,0.37301343047920854
2024-05-02,0.9987384381527095,-0.17747825853682656,-0.950746556224863,0.4269905549940188
2024-05-03,0.9940589030543483,-0.23501523884049663,-0.9312403748654661,0.4795010071519122
2024-05-06,0.9859407094833303,-0.2917357928758391,-0.9085059190927569,0.5303631422730142
2024-05-07,0.9744119399758311,-0.34744371233658095,-0.8826218321629075,0.5794010175522033
2024-05-08,0.9595124749663242,-0.4019462918320665,-0.8536776525676057,0.6264450006821749
2024-05-09,0.9412938548327848,-0.45505499549567063,-0.8217735043016104,0.6713323566472585
2024-05-10,0.9198191016077,-0.506586109169949,-0.7870197505128306,0.7139078106579613
2024-05-13,0.8951625009716252,-0.5563613759124839,-0.7495366117330223,0.7540240852791119
2024-05-14,0.8674093452834173,-0.6042086126240778,-0.7094537500097273,0.7915424098933928
2024-05-15,0.836655638536056,-0.6499623056662469,-0.6669098203780243,0.8263330007380816
2024-05-16,0.8030077642586738,-0.6934641834076509,-0.6220519912236482,0.8582755098543023
2024-05-17,0.7665821175135906,-0.7345637637188986,-0.575035435196643,0.8872594413959185
